{
  "model_type": "LinearRegression",
  "n_features": 6,
  "sklearn_version": "1.7.2",
  "r2_cv_mean": 0.9908000798727257,
  "r2_cv_scores": [
    0.9879682756653405,
    0.9918700926029738,
    0.9922503282102744,
    0.9894804439448058,
    0.9924312589402338
  ],
  "coefficients": [
    43.2352997694033,
    98.22186433108656,
    96.08624219410052,
    35.387683635334604,
    81.96251203742541,
    26.44641696608897
  ],
  "intercept": -0.22631016652130498
}